jennifer,31,jennifer@email.com
jimmy,97,jimmy@email.com
jane,31,jane@email.com
tammy,18,tammy@email.com
jimmy,82,jimmy@email.com
patrick,64,patrick@email.com
tammy,80,tammy@email.com
jimmy,38,jimmy@email.com
jennifer,23,jennifer@email.com
patrick,88,patrick@email.com
tammy,47,tammy@email.com
george,24,george@email.com
bob,83,bob@email.com
jane,36,jane@email.com
jimmy,86,jimmy@email.com
bob,70,bob@email.com
jennifer,62,jennifer@email.com
jennifer,14,jennifer@email.com
jimmy,28,jimmy@email.com
patrick,65,patrick@email.com
jimmy,32,jimmy@email.com
jane,30,jane@email.com
jane,12,jane@email.com
jane,39,jane@email.com
lois,80,lois@email.com
jimmy,99,jimmy@email.com
josh,57,josh@email.com
jimmy,4,jimmy@email.com
josh,92,josh@email.com
jennifer,5,jennifer@email.com
tammy,42,tammy@email.com
tammy,42,tammy@email.com
jane,98,jane@email.com
george,77,george@email.com
jimmy,91,jimmy@email.com
bob,40,bob@email.com
george,68,george@email.com
jennifer,46,jennifer@email.com
jimmy,25,jimmy@email.com
tammy,47,tammy@email.com
jane,23,jane@email.com
patrick,16,patrick@email.com
jennifer,29,jennifer@email.com
patrick,25,patrick@email.com
tammy,19,tammy@email.com
josh,0,josh@email.com
lois,20,lois@email.com
tammy,79,tammy@email.com
bob,54,bob@email.com
patrick,42,patrick@email.com
jimmy,50,jimmy@email.com
bob,67,bob@email.com
jane,40,jane@email.com
george,90,george@email.com
jennifer,60,jennifer@email.com
josh,25,josh@email.com
bob,10,bob@email.com
jane,65,jane@email.com
jimmy,98,jimmy@email.com
lois,50,lois@email.com
patrick,75,patrick@email.com
lois,83,lois@email.com
jennifer,61,jennifer@email.com
patrick,27,patrick@email.com
george,80,george@email.com
george,30,george@email.com
jane,33,jane@email.com
patrick,49,patrick@email.com
george,41,george@email.com
jimmy,34,jimmy@email.com
lois,90,lois@email.com
jennifer,19,jennifer@email.com
bob,76,bob@email.com
patrick,0,patrick@email.com
bob,95,bob@email.com
jane,91,jane@email.com
tammy,32,tammy@email.com
jennifer,74,jennifer@email.com
lois,28,lois@email.com
jimmy,65,jimmy@email.com
jennifer,66,jennifer@email.com
lois,34,lois@email.com
george,67,george@email.com
bob,35,bob@email.com
patrick,98,patrick@email.com
jennifer,63,jennifer@email.com
bob,79,bob@email.com
jimmy,23,jimmy@email.com
jimmy,10,jimmy@email.com
bob,63,bob@email.com
george,87,george@email.com
jimmy,93,jimmy@email.com
jimmy,79,jimmy@email.com
jimmy,10,jimmy@email.com
jimmy,95,jimmy@email.com
jennifer,44,jennifer@email.com
george,0,george@email.com
bob,89,bob@email.com
bob,38,bob@email.com
tammy,44,tammy@email.com
jane,22,jane@email.com
lois,70,lois@email.com
bob,78,bob@email.com
bob,27,bob@email.com
jimmy,82,jimmy@email.com
george,20,george@email.com
patrick,53,patrick@email.com
bob,89,bob@email.com
jimmy,68,jimmy@email.com
jimmy,5,jimmy@email.com
jane,38,jane@email.com
bob,87,bob@email.com
jennifer,43,jennifer@email.com
george,18,george@email.com
tammy,48,tammy@email.com
george,88,george@email.com
jennifer,28,jennifer@email.com
jennifer,25,jennifer@email.com
jimmy,84,jimmy@email.com
patrick,90,patrick@email.com
jane,12,jane@email.com
george,52,george@email.com
patrick,12,patrick@email.com
jane,93,jane@email.com
george,69,george@email.com
jimmy,18,jimmy@email.com
bob,11,bob@email.com
bob,52,bob@email.com
george,14,george@email.com
patrick,51,patrick@email.com
tammy,79,tammy@email.com
jimmy,78,jimmy@email.com
lois,4,lois@email.com
jimmy,53,jimmy@email.com
josh,83,josh@email.com
lois,78,lois@email.com
lois,30,lois@email.com
lois,21,lois@email.com
jimmy,4,jimmy@email.com
tammy,62,tammy@email.com
lois,70,lois@email.com
lois,78,lois@email.com
tammy,14,tammy@email.com
jimmy,11,jimmy@email.com
bob,76,bob@email.com
lois,26,lois@email.com
jane,64,jane@email.com
jennifer,99,jennifer@email.com
bob,15,bob@email.com
tammy,69,tammy@email.com
patrick,68,patrick@email.com
george,75,george@email.com
bob,15,bob@email.com
jimmy,88,jimmy@email.com
patrick,41,patrick@email.com
bob,60,bob@email.com
tammy,81,tammy@email.com
jennifer,38,jennifer@email.com
patrick,88,patrick@email.com
bob,3,bob@email.com
bob,21,bob@email.com
jimmy,42,jimmy@email.com
george,27,george@email.com
bob,31,bob@email.com
bob,93,bob@email.com
tammy,89,tammy@email.com
jimmy,62,jimmy@email.com
tammy,49,tammy@email.com
patrick,77,patrick@email.com
jimmy,10,jimmy@email.com
tammy,57,tammy@email.com
tammy,65,tammy@email.com
patrick,31,patrick@email.com
george,10,george@email.com
bob,10,bob@email.com
lois,75,lois@email.com
bob,54,bob@email.com
jimmy,4,jimmy@email.com
jennifer,65,jennifer@email.com
george,92,george@email.com
lois,88,lois@email.com
bob,16,bob@email.com
jimmy,44,jimmy@email.com
patrick,70,patrick@email.com
jane,42,jane@email.com
josh,66,josh@email.com
josh,74,josh@email.com
bob,65,bob@email.com
lois,86,lois@email.com
tammy,14,tammy@email.com
lois,32,lois@email.com
george,4,george@email.com
jimmy,29,jimmy@email.com
jimmy,90,jimmy@email.com
patrick,65,patrick@email.com
bob,33,bob@email.com
bob,27,bob@email.com
tammy,57,tammy@email.com
patrick,96,patrick@email.com
patrick,33,patrick@email.com
jennifer,88,jennifer@email.com
bob,90,bob@email.com
jane,72,jane@email.com
jennifer,19,jennifer@email.com
patrick,15,patrick@email.com
jane,19,jane@email.com
jane,13,jane@email.com
george,92,george@email.com
tammy,54,tammy@email.com
jane,60,jane@email.com
patrick,99,patrick@email.com
jane,37,jane@email.com
jane,59,jane@email.com
patrick,26,patrick@email.com
george,66,george@email.com
bob,15,bob@email.com
bob,72,bob@email.com
tammy,96,tammy@email.com
jennifer,12,jennifer@email.com
jimmy,91,jimmy@email.com
josh,61,josh@email.com
tammy,42,tammy@email.com
bob,68,bob@email.com
jennifer,74,jennifer@email.com
george,15,george@email.com
jane,91,jane@email.com
patrick,75,patrick@email.com
jimmy,38,jimmy@email.com
jimmy,74,jimmy@email.com
jimmy,97,jimmy@email.com
bob,1,bob@email.com
josh,84,josh@email.com
jimmy,15,jimmy@email.com
tammy,59,tammy@email.com
jane,15,jane@email.com
jimmy,67,jimmy@email.com
bob,27,bob@email.com
bob,86,bob@email.com
lois,61,lois@email.com
bob,8,bob@email.com
lois,21,lois@email.com
george,50,george@email.com
lois,98,lois@email.com
jane,16,jane@email.com
lois,53,lois@email.com
patrick,86,patrick@email.com
jennifer,56,jennifer@email.com
jane,55,jane@email.com
josh,92,josh@email.com
jane,96,jane@email.com
jimmy,34,jimmy@email.com
patrick,24,patrick@email.com
jimmy,33,jimmy@email.com
jane,12,jane@email.com
jimmy,48,jimmy@email.com
jimmy,65,jimmy@email.com
george,9,george@email.com
jimmy,33,jimmy@email.com
jimmy,98,jimmy@email.com
lois,28,lois@email.com
george,96,george@email.com
bob,23,bob@email.com
jane,94,jane@email.com
patrick,20,patrick@email.com
george,7,george@email.com
jennifer,26,jennifer@email.com
lois,92,lois@email.com
george,37,george@email.com
tammy,9,tammy@email.com
tammy,38,tammy@email.com
jane,79,jane@email.com
patrick,8,patrick@email.com
george,20,george@email.com
jimmy,31,jimmy@email.com
bob,77,bob@email.com
bob,49,bob@email.com
patrick,98,patrick@email.com
jennifer,57,jennifer@email.com
jennifer,95,jennifer@email.com
jennifer,38,jennifer@email.com
lois,28,lois@email.com
jennifer,68,jennifer@email.com
jane,75,jane@email.com
george,12,george@email.com
george,2,george@email.com
jimmy,96,jimmy@email.com
tammy,17,tammy@email.com
tammy,80,tammy@email.com
jennifer,59,jennifer@email.com
jimmy,1,jimmy@email.com
lois,52,lois@email.com
tammy,32,tammy@email.com
jane,36,jane@email.com
josh,20,josh@email.com
jimmy,53,jimmy@email.com
jane,83,jane@email.com
jane,86,jane@email.com
bob,86,bob@email.com
tammy,67,tammy@email.com
patrick,40,patrick@email.com
jimmy,89,jimmy@email.com
lois,15,lois@email.com
tammy,97,tammy@email.com
george,81,george@email.com
josh,75,josh@email.com
jimmy,52,jimmy@email.com
tammy,95,tammy@email.com
bob,89,bob@email.com
patrick,55,patrick@email.com
jane,1,jane@email.com
jimmy,28,jimmy@email.com
patrick,18,patrick@email.com
jane,98,jane@email.com
tammy,82,tammy@email.com
jane,68,jane@email.com
jane,83,jane@email.com
lois,11,lois@email.com
jimmy,50,jimmy@email.com
jennifer,84,jennifer@email.com
jimmy,3,jimmy@email.com
jennifer,25,jennifer@email.com
jimmy,92,jimmy@email.com
jimmy,53,jimmy@email.com
jimmy,1,jimmy@email.com
patrick,95,patrick@email.com
tammy,33,tammy@email.com
jimmy,44,jimmy@email.com
patrick,18,patrick@email.com
patrick,64,patrick@email.com
lois,51,lois@email.com
patrick,78,patrick@email.com
jane,86,jane@email.com
jennifer,79,jennifer@email.com
tammy,76,tammy@email.com
patrick,67,patrick@email.com
josh,52,josh@email.com
jimmy,99,jimmy@email.com
jane,89,jane@email.com
patrick,63,patrick@email.com
jennifer,1,jennifer@email.com
george,42,george@email.com
jimmy,28,jimmy@email.com
patrick,59,patrick@email.com
josh,51,josh@email.com
lois,56,lois@email.com
jimmy,23,jimmy@email.com
jimmy,0,jimmy@email.com
jennifer,49,jennifer@email.com
george,29,george@email.com
jane,98,jane@email.com
patrick,34,patrick@email.com
george,13,george@email.com
bob,50,bob@email.com
jimmy,62,jimmy@email.com
lois,16,lois@email.com
george,20,george@email.com
jimmy,36,jimmy@email.com
patrick,36,patrick@email.com
jennifer,67,jennifer@email.com
lois,26,lois@email.com
jane,28,jane@email.com
george,66,george@email.com
lois,15,lois@email.com
patrick,59,patrick@email.com
jane,92,jane@email.com
josh,98,josh@email.com
patrick,43,patrick@email.com
tammy,67,tammy@email.com
jane,74,jane@email.com
patrick,63,patrick@email.com
jimmy,31,jimmy@email.com
jennifer,56,jennifer@email.com
patrick,33,patrick@email.com
jimmy,37,jimmy@email.com
jimmy,10,jimmy@email.com
lois,57,lois@email.com
patrick,79,patrick@email.com
jimmy,99,jimmy@email.com
jimmy,97,jimmy@email.com
patrick,93,patrick@email.com
lois,7,lois@email.com
tammy,59,tammy@email.com
patrick,1,patrick@email.com
george,58,george@email.com
bob,69,bob@email.com
josh,1,josh@email.com
george,9,george@email.com
tammy,23,tammy@email.com
george,94,george@email.com
jennifer,18,jennifer@email.com
jennifer,53,jennifer@email.com
patrick,39,patrick@email.com
tammy,56,tammy@email.com
bob,18,bob@email.com
jennifer,58,jennifer@email.com
patrick,50,patrick@email.com
tammy,12,tammy@email.com
jennifer,85,jennifer@email.com
lois,4,lois@email.com
jimmy,93,jimmy@email.com
jimmy,82,jimmy@email.com
jennifer,87,jennifer@email.com
tammy,4,tammy@email.com
lois,27,lois@email.com
bob,55,bob@email.com
jennifer,16,jennifer@email.com
patrick,37,patrick@email.com
jennifer,64,jennifer@email.com
jennifer,62,jennifer@email.com
george,7,george@email.com
lois,49,lois@email.com
jane,83,jane@email.com
george,49,george@email.com
lois,57,lois@email.com
josh,28,josh@email.com
patrick,83,patrick@email.com
jane,67,jane@email.com
george,9,george@email.com
george,33,george@email.com
bob,11,bob@email.com
jimmy,51,jimmy@email.com
jennifer,73,jennifer@email.com
george,18,george@email.com
tammy,19,tammy@email.com
jennifer,29,jennifer@email.com
patrick,35,patrick@email.com
jimmy,69,jimmy@email.com
jimmy,17,jimmy@email.com
jimmy,29,jimmy@email.com
jimmy,44,jimmy@email.com
jane,44,jane@email.com
jennifer,28,jennifer@email.com
jennifer,22,jennifer@email.com
jimmy,52,jimmy@email.com
patrick,57,patrick@email.com
jimmy,3,jimmy@email.com
jennifer,11,jennifer@email.com
bob,57,bob@email.com
jimmy,93,jimmy@email.com
patrick,29,patrick@email.com
patrick,15,patrick@email.com
jimmy,30,jimmy@email.com
jimmy,32,jimmy@email.com
jennifer,32,jennifer@email.com
jane,93,jane@email.com
jimmy,8,jimmy@email.com
jane,19,jane@email.com
george,56,george@email.com
jimmy,40,jimmy@email.com
patrick,72,patrick@email.com
jimmy,6,jimmy@email.com
jennifer,58,jennifer@email.com
george,5,george@email.com
lois,31,lois@email.com
jane,12,jane@email.com
jimmy,4,jimmy@email.com
jennifer,7,jennifer@email.com
lois,76,lois@email.com
patrick,39,patrick@email.com
patrick,67,patrick@email.com
patrick,30,patrick@email.com
george,3,george@email.com
jimmy,46,jimmy@email.com
bob,9,bob@email.com
tammy,44,tammy@email.com
jimmy,34,jimmy@email.com
bob,83,bob@email.com
bob,90,bob@email.com
tammy,57,tammy@email.com
josh,4,josh@email.com
bob,55,bob@email.com
patrick,18,patrick@email.com
jimmy,52,jimmy@email.com
jane,57,jane@email.com
jennifer,3,jennifer@email.com
tammy,43,tammy@email.com
bob,70,bob@email.com
bob,85,bob@email.com
lois,99,lois@email.com
george,83,george@email.com
jane,31,jane@email.com
jimmy,82,jimmy@email.com
jane,98,jane@email.com
lois,0,lois@email.com
patrick,88,patrick@email.com
jane,23,jane@email.com
tammy,53,tammy@email.com
patrick,79,patrick@email.com
jimmy,86,jimmy@email.com
bob,44,bob@email.com
tammy,94,tammy@email.com
jane,68,jane@email.com
jimmy,78,jimmy@email.com
lois,81,lois@email.com
lois,88,lois@email.com
jennifer,78,jennifer@email.com
bob,68,bob@email.com
jennifer,55,jennifer@email.com
lois,60,lois@email.com
jane,82,jane@email.com
jimmy,36,jimmy@email.com
jane,4,jane@email.com
tammy,68,tammy@email.com
patrick,69,patrick@email.com
jimmy,54,jimmy@email.com
tammy,51,tammy@email.com
jimmy,27,jimmy@email.com
jimmy,30,jimmy@email.com
jane,8,jane@email.com
lois,8,lois@email.com
jane,40,jane@email.com
jennifer,52,jennifer@email.com
george,12,george@email.com
josh,4,josh@email.com
lois,18,lois@email.com
jane,13,jane@email.com
tammy,94,tammy@email.com
jennifer,89,jennifer@email.com
patrick,50,patrick@email.com
jane,60,jane@email.com
bob,36,bob@email.com
george,77,george@email.com
tammy,7,tammy@email.com
tammy,14,tammy@email.com
tammy,88,tammy@email.com
lois,55,lois@email.com
patrick,7,patrick@email.com
lois,48,lois@email.com
jane,58,jane@email.com
patrick,86,patrick@email.com
lois,5,lois@email.com
tammy,69,tammy@email.com
george,23,george@email.com
patrick,33,patrick@email.com
jimmy,15,jimmy@email.com
george,99,george@email.com
jane,44,jane@email.com
bob,21,bob@email.com
jimmy,94,jimmy@email.com
jennifer,20,jennifer@email.com
patrick,94,patrick@email.com
josh,25,josh@email.com
george,50,george@email.com
lois,8,lois@email.com
tammy,28,tammy@email.com
lois,32,lois@email.com
george,98,george@email.com
jennifer,97,jennifer@email.com
patrick,88,patrick@email.com
jennifer,83,jennifer@email.com
jimmy,91,jimmy@email.com
tammy,92,tammy@email.com
jimmy,15,jimmy@email.com
jennifer,49,jennifer@email.com
jennifer,43,jennifer@email.com
bob,92,bob@email.com
bob,78,bob@email.com
josh,35,josh@email.com
tammy,74,tammy@email.com
patrick,80,patrick@email.com
jane,31,jane@email.com
josh,18,josh@email.com
jennifer,81,jennifer@email.com
patrick,6,patrick@email.com
jane,15,jane@email.com
jane,48,jane@email.com
george,36,george@email.com
jennifer,15,jennifer@email.com
bob,89,bob@email.com
patrick,50,patrick@email.com
jennifer,22,jennifer@email.com
jane,89,jane@email.com
bob,9,bob@email.com
jimmy,4,jimmy@email.com
jane,46,jane@email.com
jennifer,14,jennifer@email.com
george,9,george@email.com
patrick,16,patrick@email.com
george,47,george@email.com
jane,45,jane@email.com
tammy,74,tammy@email.com
jimmy,12,jimmy@email.com
george,0,george@email.com
tammy,81,tammy@email.com
jane,91,jane@email.com
lois,67,lois@email.com
jennifer,70,jennifer@email.com
patrick,78,patrick@email.com
jimmy,15,jimmy@email.com
jimmy,3,jimmy@email.com
jane,56,jane@email.com
george,48,george@email.com
jimmy,4,jimmy@email.com
george,44,george@email.com
tammy,75,tammy@email.com
jane,15,jane@email.com
george,15,george@email.com
lois,17,lois@email.com
george,83,george@email.com
jennifer,65,jennifer@email.com
patrick,51,patrick@email.com
jimmy,13,jimmy@email.com
jimmy,31,jimmy@email.com
patrick,33,patrick@email.com
jimmy,60,jimmy@email.com
jimmy,52,jimmy@email.com
jennifer,61,jennifer@email.com
jennifer,20,jennifer@email.com
jennifer,23,jennifer@email.com
jane,64,jane@email.com
bob,76,bob@email.com
josh,27,josh@email.com
patrick,50,patrick@email.com
jimmy,43,jimmy@email.com
tammy,50,tammy@email.com
jimmy,30,jimmy@email.com
bob,73,bob@email.com
jane,84,jane@email.com
jane,74,jane@email.com
lois,0,lois@email.com
george,50,george@email.com
bob,0,bob@email.com
george,26,george@email.com
patrick,10,patrick@email.com
tammy,74,tammy@email.com
bob,86,bob@email.com
lois,19,lois@email.com
jimmy,2,jimmy@email.com
tammy,61,tammy@email.com
patrick,23,patrick@email.com
tammy,34,tammy@email.com
patrick,29,patrick@email.com
patrick,89,patrick@email.com
george,65,george@email.com
george,42,george@email.com
lois,91,lois@email.com
tammy,64,tammy@email.com
josh,73,josh@email.com
lois,52,lois@email.com
lois,67,lois@email.com
tammy,52,tammy@email.com
jimmy,16,jimmy@email.com
patrick,4,patrick@email.com
patrick,11,patrick@email.com
patrick,77,patrick@email.com
bob,35,bob@email.com
patrick,98,patrick@email.com
bob,17,bob@email.com
george,74,george@email.com
patrick,99,patrick@email.com
lois,77,lois@email.com
jimmy,27,jimmy@email.com
jennifer,46,jennifer@email.com
jennifer,6,jennifer@email.com
jane,57,jane@email.com
george,56,george@email.com
lois,27,lois@email.com
lois,28,lois@email.com
jimmy,63,jimmy@email.com
lois,24,lois@email.com
george,38,george@email.com
bob,16,bob@email.com
patrick,53,patrick@email.com
tammy,69,tammy@email.com
bob,43,bob@email.com
jimmy,78,jimmy@email.com
tammy,17,tammy@email.com
bob,39,bob@email.com
lois,95,lois@email.com
jane,1,jane@email.com
tammy,68,tammy@email.com
tammy,87,tammy@email.com
george,13,george@email.com
patrick,20,patrick@email.com
bob,5,bob@email.com
jimmy,81,jimmy@email.com
jimmy,15,jimmy@email.com
george,26,george@email.com
lois,47,lois@email.com
lois,8,lois@email.com
tammy,5,tammy@email.com
bob,74,bob@email.com
bob,76,bob@email.com
jane,29,jane@email.com
patrick,54,patrick@email.com
bob,78,bob@email.com
jennifer,73,jennifer@email.com
josh,21,josh@email.com
jane,66,jane@email.com
jimmy,74,jimmy@email.com
patrick,83,patrick@email.com
tammy,29,tammy@email.com
george,70,george@email.com
tammy,42,tammy@email.com
jane,12,jane@email.com
bob,90,bob@email.com
jimmy,42,jimmy@email.com
george,24,george@email.com
jennifer,88,jennifer@email.com
bob,69,bob@email.com
jimmy,13,jimmy@email.com
jimmy,64,jimmy@email.com
jimmy,8,jimmy@email.com
jennifer,63,jennifer@email.com
jimmy,74,jimmy@email.com
lois,82,lois@email.com
jane,61,jane@email.com
bob,49,bob@email.com
jane,85,jane@email.com
jimmy,88,jimmy@email.com
jane,77,jane@email.com
tammy,71,tammy@email.com
patrick,83,patrick@email.com
jane,50,jane@email.com
jimmy,33,jimmy@email.com
jane,46,jane@email.com
jimmy,68,jimmy@email.com
jimmy,37,jimmy@email.com
josh,69,josh@email.com
josh,38,josh@email.com
jennifer,95,jennifer@email.com
jennifer,45,jennifer@email.com
jane,17,jane@email.com
jane,62,jane@email.com
lois,55,lois@email.com
jane,69,jane@email.com
george,95,george@email.com
jane,29,jane@email.com
bob,69,bob@email.com
bob,22,bob@email.com
bob,44,bob@email.com
jennifer,26,jennifer@email.com
george,78,george@email.com
patrick,98,patrick@email.com
tammy,82,tammy@email.com
jane,55,jane@email.com
george,19,george@email.com
jennifer,22,jennifer@email.com
josh,23,josh@email.com
tammy,15,tammy@email.com
josh,67,josh@email.com
jennifer,49,jennifer@email.com
bob,8,bob@email.com
lois,56,lois@email.com
lois,98,lois@email.com
tammy,5,tammy@email.com
george,21,george@email.com
jane,96,jane@email.com
george,42,george@email.com
lois,39,lois@email.com
patrick,27,patrick@email.com
tammy,90,tammy@email.com
jimmy,33,jimmy@email.com
bob,40,bob@email.com
george,30,george@email.com
lois,37,lois@email.com
jennifer,40,jennifer@email.com
jennifer,5,jennifer@email.com
jane,55,jane@email.com
josh,43,josh@email.com
jane,37,jane@email.com
george,38,george@email.com
jimmy,37,jimmy@email.com
bob,61,bob@email.com
bob,45,bob@email.com
jane,52,jane@email.com
patrick,6,patrick@email.com
jimmy,23,jimmy@email.com
jimmy,81,jimmy@email.com
patrick,77,patrick@email.com
george,77,george@email.com
george,28,george@email.com
jane,89,jane@email.com
lois,19,lois@email.com
tammy,78,tammy@email.com
tammy,48,tammy@email.com
lois,3,lois@email.com
jane,22,jane@email.com
lois,71,lois@email.com
jimmy,32,jimmy@email.com
jennifer,68,jennifer@email.com
patrick,59,patrick@email.com
lois,78,lois@email.com
patrick,27,patrick@email.com
josh,53,josh@email.com
bob,12,bob@email.com
lois,18,lois@email.com
jane,88,jane@email.com
lois,55,lois@email.com
lois,47,lois@email.com
jimmy,44,jimmy@email.com
lois,48,lois@email.com
jane,10,jane@email.com
bob,15,bob@email.com
jimmy,4,jimmy@email.com
jennifer,21,jennifer@email.com
jimmy,98,jimmy@email.com
george,36,george@email.com
patrick,47,patrick@email.com
george,9,george@email.com
george,7,george@email.com
bob,93,bob@email.com
lois,40,lois@email.com
george,24,george@email.com
jane,23,jane@email.com
jennifer,74,jennifer@email.com
patrick,43,patrick@email.com
jennifer,88,jennifer@email.com
george,67,george@email.com
lois,8,lois@email.com
jimmy,31,jimmy@email.com
patrick,39,patrick@email.com
bob,80,bob@email.com
jane,47,jane@email.com
bob,41,bob@email.com
tammy,24,tammy@email.com
bob,75,bob@email.com
jimmy,78,jimmy@email.com
bob,26,bob@email.com
jimmy,89,jimmy@email.com
bob,26,bob@email.com
jennifer,17,jennifer@email.com
jimmy,46,jimmy@email.com
jennifer,23,jennifer@email.com
bob,15,bob@email.com
josh,65,josh@email.com
jane,13,jane@email.com
tammy,80,tammy@email.com
jimmy,99,jimmy@email.com
josh,3,josh@email.com
bob,37,bob@email.com
george,35,george@email.com
jennifer,22,jennifer@email.com
jimmy,53,jimmy@email.com
lois,86,lois@email.com
lois,97,lois@email.com
jennifer,56,jennifer@email.com
lois,64,lois@email.com
bob,88,bob@email.com
bob,39,bob@email.com
jimmy,79,jimmy@email.com
tammy,33,tammy@email.com
jimmy,64,jimmy@email.com
jennifer,4,jennifer@email.com
tammy,24,tammy@email.com
lois,82,lois@email.com
jennifer,26,jennifer@email.com
patrick,68,patrick@email.com
jennifer,88,jennifer@email.com
jimmy,43,jimmy@email.com
tammy,44,tammy@email.com
bob,30,bob@email.com
josh,38,josh@email.com
jennifer,89,jennifer@email.com
jane,77,jane@email.com
jimmy,53,jimmy@email.com
bob,75,bob@email.com
tammy,4,tammy@email.com
jane,88,jane@email.com
jane,19,jane@email.com
jane,16,jane@email.com
jane,39,jane@email.com
jimmy,92,jimmy@email.com
tammy,13,tammy@email.com
patrick,80,patrick@email.com
george,0,george@email.com
lois,56,lois@email.com
jimmy,42,jimmy@email.com
jennifer,84,jennifer@email.com
bob,45,bob@email.com
jimmy,97,jimmy@email.com
bob,35,bob@email.com
lois,47,lois@email.com
jimmy,57,jimmy@email.com
patrick,39,patrick@email.com
bob,51,bob@email.com
jimmy,81,jimmy@email.com
bob,9,bob@email.com
jimmy,42,jimmy@email.com
lois,0,lois@email.com
jane,45,jane@email.com
jimmy,43,jimmy@email.com
george,13,george@email.com
tammy,40,tammy@email.com
bob,76,bob@email.com
jennifer,22,jennifer@email.com
lois,62,lois@email.com
george,92,george@email.com
patrick,58,patrick@email.com
tammy,91,tammy@email.com
bob,75,bob@email.com
lois,0,lois@email.com
patrick,71,patrick@email.com
tammy,23,tammy@email.com
tammy,53,tammy@email.com
jimmy,84,jimmy@email.com
josh,78,josh@email.com
tammy,13,tammy@email.com
tammy,91,tammy@email.com
lois,79,lois@email.com
lois,82,lois@email.com
jimmy,11,jimmy@email.com
patrick,60,patrick@email.com
jennifer,86,jennifer@email.com
josh,95,josh@email.com
tammy,43,tammy@email.com
jimmy,52,jimmy@email.com
jennifer,89,jennifer@email.com
bob,30,bob@email.com
josh,57,josh@email.com
lois,33,lois@email.com
tammy,37,tammy@email.com
george,88,george@email.com
jimmy,60,jimmy@email.com
bob,73,bob@email.com
jane,64,jane@email.com
jane,75,jane@email.com
george,24,george@email.com
jennifer,56,jennifer@email.com
jennifer,4,jennifer@email.com
josh,67,josh@email.com
tammy,23,tammy@email.com
jane,69,jane@email.com
jimmy,57,jimmy@email.com
lois,36,lois@email.com
george,21,george@email.com
tammy,8,tammy@email.com
jimmy,74,jimmy@email.com
bob,18,bob@email.com
tammy,96,tammy@email.com
tammy,95,tammy@email.com
jimmy,97,jimmy@email.com
jimmy,94,jimmy@email.com
patrick,64,patrick@email.com
jennifer,47,jennifer@email.com
george,49,george@email.com
bob,1,bob@email.com
tammy,57,tammy@email.com
jimmy,98,jimmy@email.com
jimmy,37,jimmy@email.com
jane,44,jane@email.com
jimmy,14,jimmy@email.com
lois,16,lois@email.com
patrick,24,patrick@email.com
jimmy,56,jimmy@email.com
jimmy,7,jimmy@email.com
patrick,55,patrick@email.com
jennifer,99,jennifer@email.com
jimmy,35,jimmy@email.com
jane,33,jane@email.com
bob,48,bob@email.com
jane,55,jane@email.com
jennifer,2,jennifer@email.com
george,78,george@email.com
lois,59,lois@email.com
bob,22,bob@email.com
lois,16,lois@email.com
george,77,george@email.com
jennifer,30,jennifer@email.com
george,21,george@email.com
bob,82,bob@email.com
george,47,george@email.com
jennifer,2,jennifer@email.com
patrick,65,patrick@email.com
bob,28,bob@email.com
patrick,34,patrick@email.com
lois,23,lois@email.com
bob,71,bob@email.com
george,72,george@email.com
jimmy,15,jimmy@email.com
jennifer,90,jennifer@email.com
jimmy,9,jimmy@email.com
josh,62,josh@email.com
patrick,85,patrick@email.com
patrick,9,patrick@email.com
jane,28,jane@email.com
george,80,george@email.com
george,39,george@email.com
jennifer,79,jennifer@email.com
jimmy,45,jimmy@email.com
jane,64,jane@email.com
patrick,50,patrick@email.com
jane,3,jane@email.com
jennifer,70,jennifer@email.com
jane,1,jane@email.com
jane,2,jane@email.com
lois,89,lois@email.com
bob,35,bob@email.com
jimmy,3,jimmy@email.com
jennifer,57,jennifer@email.com
jane,30,jane@email.com
jane,68,jane@email.com
jimmy,70,jimmy@email.com
jennifer,78,jennifer@email.com
bob,41,bob@email.com
jimmy,75,jimmy@email.com
jennifer,77,jennifer@email.com
josh,68,josh@email.com
jennifer,45,jennifer@email.com
jimmy,55,jimmy@email.com
